{"version":3,"times":{"1":0.056202888488771,"2":0.035756111145019},"names":{"1":"I plus one.","2":"Plus plus i"},"runs":37,"old":{"v1":{"version":1,"times":{"1":0.10595369338989,"2":0.067749977111822},"names":{"1":"I plus one.","2":"Plus plus i"},"runs":74},"v2":{"version":2,"times":{"1":0.060035467147826,"2":0.035198926925659},"names":{"1":"I plus one.","2":"Plus plus i"},"runs":37}}}