{"version":1,"times":{"1":0.095364093780518,"2":0.10101890563965,"3":0.00034904479980469,"4":0.094528913497925,"5":0.10436296463013,"6":0.0014660358428955,"7":0.10093402862549,"8":0.10906314849854,"9":0.0070269107818604,"10":0.1218569278717,"11":0.11011004447937},"names":{"1":"Namespace - Constants: 10","2":"Object    - Constants: 10","3":1,"4":"Namespace - Constants: 100","5":"Object    - Constants: 100","6":3,"7":"Namespace - Constants: 1000","8":"Object    - Constants: 1000","9":3,"10":"Namespace - Constants: 5000","11":"Object    - Constants: 5000"},"runs":1}